domain,method,n,passed,semantic,json,schema,complete,median_e2e_s,median_ttft_s
japanese,baseline,6,5,6,5,2,6,0.5051197295106249,0.3474711458256934
extraction,baseline,6,3,3,6,6,6,0.8973495205136715,0.6828809375147102
classification,baseline,6,5,5,6,6,6,0.27105693699559197,0.1933690416481113
search,baseline,6,5,5,6,0,6,0.6445979790150886,0.33463508333079517
grounded,baseline,6,4,5,6,5,6,0.9986756040016189,0.7630727916694013
table,baseline,6,1,2,3,2,6,0.5489320000051521,0.3937734999926761
image,baseline,6,4,5,6,5,6,0.694561687996611,0.4319700416526757
diff,baseline,6,1,2,6,2,6,0.4812883750128094,0.2036742291675182
creative,baseline,6,2,5,3,0,6,0.36439372900349554,0.2579563750041416
tools,baseline,6,0,4,6,5,6,0.5045619169977726,0.38803877084865235
extraction,baseline,30,21,21,30,30,30,0.9190892289916519,0.36109574999136385
extraction,guided,30,20,20,30,30,30,0.9571299585077213,0.2758792916574748
table,baseline,30,14,14,30,27,30,0.38840043800882995,0.28066037500684615
table,delegated_examples,30,18,18,30,30,30,1.1093522500013933,0.4442913333477918
diff,baseline,30,6,9,28,8,30,0.671780562508502,0.4630359166767448
diff,fewshot,30,29,29,30,30,30,0.3690016874897992,0.26823445834452286
